file,original_hash,modified_hash
00.txt.csv,4C33C8339A848B569E601FD155D0CA4B,2F71121C0BE976C9EB2D3F2D55AC7A6C
01.txt.csv,104760CFCD322B8A4CCA24DE1A8B50BA,D54C038A2A07050F007B53B2F4DDAFFA
01_01.txt.csv,7B1A58DC4C04C676DB874B0072E468D3,7B1A58DC4C04C676DB874B0072E468D3
01_02.txt.csv,4380C95B053C4E621AACE9A937FE925B,4380C95B053C4E621AACE9A937FE925B
01_03.txt.csv,069D0E243081B516713B322CD3D7DFE3,069D0E243081B516713B322CD3D7DFE3
01_a.txt.csv,D5A2DBCF31979C23D0F28D5E1F4814CF,0F8B0E8641818F13EC7374DFB76779B4
02.txt.csv,5E458FAF395EFB396856549FDB5A92BD,1401C8FB1AC42C4DFD7F280F00764D32
02_01.txt.csv,9BCBC004E3F8C80F273CA59D0558FE04,9BCBC004E3F8C80F273CA59D0558FE04
02_02.txt.csv,DE38E5579E3C33B35C0F7C844AC40B2D,DE38E5579E3C33B35C0F7C844AC40B2D
02_03.txt.csv,F97341DEA2094BE3E2B6B086D9FFB54D,F97341DEA2094BE3E2B6B086D9FFB54D
02_04.txt.csv,1B816F78DFBAEA28AF5CAE8432490DA9,1B816F78DFBAEA28AF5CAE8432490DA9
02_05.txt.csv,B377BA96D5273E9B094E3CABE53814DB,B377BA96D5273E9B094E3CABE53814DB
02_06.txt.csv,562173F22611B775F6311B980617CC4F,562173F22611B775F6311B980617CC4F
02_07.txt.csv,E029C4D9CE4C854191CBF769EFB75B61,E029C4D9CE4C854191CBF769EFB75B61
02_08.txt.csv,64542C5FDC271F4E045512A68AA4C590,64542C5FDC271F4E045512A68AA4C590
02_09.txt.csv,98E622CE44B8699E886A1CD45B33245F,98E622CE44B8699E886A1CD45B33245F
03.txt.csv,DCDE2633809958548DE54FE4765872DD,4A17CF7616FD4A8E8D177C24CDD13D4E
03_01.txt.csv,C2A71A59B68709A6239A03EB7305FAAB,C2A71A59B68709A6239A03EB7305FAAB
03_02.txt.csv,618DBD0A10386E2B76427D50824F024C,618DBD0A10386E2B76427D50824F024C
04.txt.csv,4062A897AD29A147B3A1DD16880AB422,39A8CC1F9CE6479079E73DCDA9008279
04_01.txt.csv,B43409E231A353150FFA712A513E8437,1DE6060CAAAB889DF3EE022F54D61B14
04_02.txt.csv,F34C30498F0844A1360985D5D7FCC7F1,F34C30498F0844A1360985D5D7FCC7F1
04_03.txt.csv,14D11A1D4226D157A7D51DEE7777E9B3,14D11A1D4226D157A7D51DEE7777E9B3
04_04.txt.csv,0775B49F2A07D5FC4A456E06EC97655F,0775B49F2A07D5FC4A456E06EC97655F
04_05.txt.csv,C16E243C9E36084C34CD9A27D8CAFD90,C16E243C9E36084C34CD9A27D8CAFD90
04_06.txt.csv,D55E2485BE8CB1B487CA8B5C3B43563C,D55E2485BE8CB1B487CA8B5C3B43563C
04_07.txt.csv,4D2552017EA69696C3004CCCAC7B79FF,4D2552017EA69696C3004CCCAC7B79FF
04_08.txt.csv,F4DD4E14EC8D742981E59A9BB3B53677,F4DD4E14EC8D742981E59A9BB3B53677
04_09.txt.csv,E5C13D6BE2E914DECB46CC0480619C71,E5C13D6BE2E914DECB46CC0480619C71
frg_01.txt.csv,972F8D66660EC91EC2C54C9DFA7A6F97,972F8D66660EC91EC2C54C9DFA7A6F97
frg_02.txt.csv,99F339B0B06F6EF9C4017E6913F49811,99F339B0B06F6EF9C4017E6913F49811
frg_03.txt.csv,4D0839ABC37FD47E60F3BA6BF4E56D11,4D0839ABC37FD47E60F3BA6BF4E56D11
frg_04.txt.csv,56F9728031DFBE5BD4394BED1AFAA6A4,56F9728031DFBE5BD4394BED1AFAA6A4
frg_05.txt.csv,EF6B55250D8FC5E8296F0BE0D007C6FD,EF6B55250D8FC5E8296F0BE0D007C6FD
frg_06.txt.csv,EE14AC27D62C512F1AA953D0DD0B2DCB,EE14AC27D62C512F1AA953D0DD0B2DCB
frg_07.txt.csv,2EFA3F308CA4E3AC98AA196445A7C431,2EFA3F308CA4E3AC98AA196445A7C431
frg_08.txt.csv,816AB82DA96F11525FD3BA3A3DDA5687,816AB82DA96F11525FD3BA3A3DDA5687
frg_09.txt.csv,3E6C1FC97CD4ACCCEE198F6CCD225871,3E6C1FC97CD4ACCCEE198F6CCD225871
frg_10.txt.csv,0272B88B326787B61EBC29EE15501341,0272B88B326787B61EBC29EE15501341
frg_11.txt.csv,BCCCE122C0A395D21373B5245A63A414,BCCCE122C0A395D21373B5245A63A414
frg_12.txt.csv,FE847FA4AAE2C5F47F239B388F76947E,FE847FA4AAE2C5F47F239B388F76947E
frg_13.txt.csv,DC15709680574415B18F0C67EA7808C2,DC15709680574415B18F0C67EA7808C2
frg_comp.txt.csv,7EA0ED3E3AC5F8B28BC5266AB9F827A0,7EA0ED3E3AC5F8B28BC5266AB9F827A0
frg_oukah_01.txt.csv,D0FF59E4D182CC4BCDF50240517E18B5,D0FF59E4D182CC4BCDF50240517E18B5
frg_oukah_02.txt.csv,515DAC2787755841CF62AD946EA3B62C,515DAC2787755841CF62AD946EA3B62C
frg_reinah01.txt.csv,165A289D395983D4CCD5EBDE1C7AD50C,165A289D395983D4CCD5EBDE1C7AD50C
frg_reinah02.txt.csv,445808280AE09C580FD6A0856B5598C5,445808280AE09C580FD6A0856B5598C5
frg_ryoukoh01.txt.csv,1D9653D402BDFB2CC6FE285F8FBC4773,1D9653D402BDFB2CC6FE285F8FBC4773
frg_ryoukoh02.txt.csv,39AC93FE0FFCDCF22ECDAA6625F7389F,39AC93FE0FFCDCF22ECDAA6625F7389F
frg_shioneh01.txt.csv,8A4B246B6C68E590539C4FA708E3D55E,8A4B246B6C68E590539C4FA708E3D55E
frg_shioneh02.txt.csv,B753CE0E9D359AA3F9E451CF0A99E2A6,B753CE0E9D359AA3F9E451CF0A99E2A6
frg_shizukuh01.txt.csv,9E57FB94F9D3B4F46E832BCAD3BE600D,9E57FB94F9D3B4F46E832BCAD3BE600D
frg_shizukuh02.txt.csv,F05868B9904EC271C3C822197D7CBE15,F05868B9904EC271C3C822197D7CBE15
lastep_01.txt.csv,A404C01163ADCF0520FFC0BF4F0780C6,A404C01163ADCF0520FFC0BF4F0780C6
lastep_02.txt.csv,61FBBB43D1FE1DF35984564111DD5B5A,61FBBB43D1FE1DF35984564111DD5B5A
lastep_03.txt.csv,AC9BB5EE78645F6CCE583EEACD2A51C4,AC9BB5EE78645F6CCE583EEACD2A51C4
lastep_04.txt.csv,4B035F0480D511FB5399FE75C2DC4611,4B035F0480D511FB5399FE75C2DC4611
lastep_05.txt.csv,6EB8FCDF9E5FCF18D160091B649FE753,6EB8FCDF9E5FCF18D160091B649FE753
lastep_06.txt.csv,122E44D1E9B3766766B64D9160C7BE7E,122E44D1E9B3766766B64D9160C7BE7E
lastep_07.txt.csv,BFC6B948284D8460CF1B6D44CB4FAAEE,BFC6B948284D8460CF1B6D44CB4FAAEE
lastep_08.txt.csv,F8FCB813F025D4BAC5DC77F2FA6BA523,F8FCB813F025D4BAC5DC77F2FA6BA523
lastep_09.txt.csv,FA00491211DFCD0C83F464AB7EBAC626,FA00491211DFCD0C83F464AB7EBAC626
lastep_10.txt.csv,243655D22106B96BA962F2350EBB5CDF,243655D22106B96BA962F2350EBB5CDF
lastep_11.txt.csv,DCD33FDA7C0FD537B511F79A5E891419,DCD33FDA7C0FD537B511F79A5E891419
lastep_12.txt.csv,C4EE09573C7AE086649B67E175DC6A07,C4EE09573C7AE086649B67E175DC6A07
lastep_end1.txt.csv,B0025C0000E1A4FD972C54845EC20136,B0025C0000E1A4FD972C54845EC20136
lastep_end2.txt.csv,550EBC5EF5554D6A3D9D32F2DB22B1EA,550EBC5EF5554D6A3D9D32F2DB22B1EA
ouka_01a.txt.csv,A1DFE88DD01638A1C65A6FEC9814B757,A1DFE88DD01638A1C65A6FEC9814B757
ouka_01b.txt.csv,2125954CCCC14C429D33015684942B40,2125954CCCC14C429D33015684942B40
ouka_02.txt.csv,0FBED331D441C6D3F17A0E3FB938F636,0FBED331D441C6D3F17A0E3FB938F636
ouka_03.txt.csv,31003B1874D89A5166C7FDEEF4C7A9B2,31003B1874D89A5166C7FDEEF4C7A9B2
ouka_04.txt.csv,0661EF887C91BF37DB44505E29BBB844,0661EF887C91BF37DB44505E29BBB844
ouka_05.txt.csv,77A9EA30C94486E0C3FD93FAEB1D7ECD,77A9EA30C94486E0C3FD93FAEB1D7ECD
ouka_06.txt.csv,0C178C4145B150E205B96CCFC06FDCB9,0C178C4145B150E205B96CCFC06FDCB9
ouka_07.txt.csv,A42578143DD5A4DA1A7D30FE49929AE0,A42578143DD5A4DA1A7D30FE49929AE0
ouka_08.txt.csv,77B005BF07B64F74C7C20D5D641E59EF,77B005BF07B64F74C7C20D5D641E59EF
ouka_09.txt.csv,FF47D1E4C6771E81E27B44E45632B239,FF47D1E4C6771E81E27B44E45632B239
ouka_10.txt.csv,18AF2923553BD00B5F082E120B79EEFC,18AF2923553BD00B5F082E120B79EEFC
ouka_end.txt.csv,2BDE0569ADC77F0F813751DD372460D1,2BDE0569ADC77F0F813751DD372460D1
reina_01.txt.csv,1E938C4FCC1F1C24ECDA25F24D2CCD36,1E938C4FCC1F1C24ECDA25F24D2CCD36
reina_02.txt.csv,D1843D9D37CA2D7B41F812D891A2B390,D1843D9D37CA2D7B41F812D891A2B390
reina_03.txt.csv,CA8756F51B7ABE8A13899AC7C8DDA174,CA8756F51B7ABE8A13899AC7C8DDA174
reina_04.txt.csv,EC6688662B756230F328F57D292BD9B8,EC6688662B756230F328F57D292BD9B8
reina_05.txt.csv,B1AFF95F00F8C818AAD3ACCE5FAD83BF,B1AFF95F00F8C818AAD3ACCE5FAD83BF
reina_06.txt.csv,B7BB84F6F91691735C08E97E7D2E5AC3,B7BB84F6F91691735C08E97E7D2E5AC3
reina_07.txt.csv,DE77D36957D62E2887ED88B85C14F19C,DE77D36957D62E2887ED88B85C14F19C
reina_08.txt.csv,24DEE6CD8CEE1111FECB527DBEF9D260,24DEE6CD8CEE1111FECB527DBEF9D260
reina_09.txt.csv,5E81A655E0295A0B8663691D24A8F4A1,5E81A655E0295A0B8663691D24A8F4A1
reina_10.txt.csv,19C1F65CFE2A214C50420B709C72C638,19C1F65CFE2A214C50420B709C72C638
reina_11.txt.csv,3CFA419247D02CCC350CFA8FED6DB4C4,3CFA419247D02CCC350CFA8FED6DB4C4
reina_12.txt.csv,8FD96AD81D9969DBD00F6583320B38AF,8FD96AD81D9969DBD00F6583320B38AF
reina_13.txt.csv,C9C40E0B516E5C8D0E63518142F75426,C9C40E0B516E5C8D0E63518142F75426
reina_14.txt.csv,16C928516BD178DD20070E1EB2A58F34,16C928516BD178DD20070E1EB2A58F34
reina_15.txt.csv,BADA6089E90D1D1112B0ACADDA82B37C,BADA6089E90D1D1112B0ACADDA82B37C
reina_16.txt.csv,BC6CD89E2BD10C9309938AC971F4293B,BC6CD89E2BD10C9309938AC971F4293B
reina_17.txt.csv,4C864086B8F453757AD33BF80DC659FB,4C864086B8F453757AD33BF80DC659FB
reina_18.txt.csv,6942639ABC89ACDC7B715EFC2C13BCF6,6942639ABC89ACDC7B715EFC2C13BCF6
reina_19.txt.csv,5AE136405C38AC486D239CCD7B7A5FEC,5AE136405C38AC486D239CCD7B7A5FEC
reina_20.txt.csv,3B1153A3C5B4A92D869DA5730E653C50,3B1153A3C5B4A92D869DA5730E653C50
reina_end.txt.csv,6B0DDD95C83C663A3295EA44121E9608,6B0DDD95C83C663A3295EA44121E9608
ryouko_01.txt.csv,6A07FEF52A0DEF4A4EC4A370AEDFC9AF,6A07FEF52A0DEF4A4EC4A370AEDFC9AF
ryouko_02.txt.csv,A1198B1B553C073B5B196374766AAB78,A1198B1B553C073B5B196374766AAB78
ryouko_03.txt.csv,D16332789F9AF3FB29400DB04D2EE7A7,D16332789F9AF3FB29400DB04D2EE7A7
ryouko_04.txt.csv,2A49B3719944ED9A2E519C2B5F8A3308,2A49B3719944ED9A2E519C2B5F8A3308
ryouko_05.txt.csv,AA10DB19FDCAA85B0E6CE0453452A108,AA10DB19FDCAA85B0E6CE0453452A108
ryouko_06.txt.csv,0668F8DE0DFBBC718EF37F2D661FC77F,0668F8DE0DFBBC718EF37F2D661FC77F
ryouko_07.txt.csv,F7534D478E8BE248E0E9B6FDE502D647,F7534D478E8BE248E0E9B6FDE502D647
ryouko_08.txt.csv,4F3419A017954F691D0228160FE3EC85,4F3419A017954F691D0228160FE3EC85
ryouko_09.txt.csv,DE33CAE84ED3A9727E287CADC3654EF9,DE33CAE84ED3A9727E287CADC3654EF9
ryouko_10.txt.csv,91D4DAA8F2C8C6AB44CBECBCE17A0520,91D4DAA8F2C8C6AB44CBECBCE17A0520
ryouko_11.txt.csv,EF45425C0BC8C0D59E9F49EE13AEB3F4,EF45425C0BC8C0D59E9F49EE13AEB3F4
ryouko_12.txt.csv,C177B92A03C026DC1A9E12EC92EC35E6,C177B92A03C026DC1A9E12EC92EC35E6
ryouko_13.txt.csv,1F8D991BE2359AE0D5DA6D3B6CDA6705,1F8D991BE2359AE0D5DA6D3B6CDA6705
ryouko_14.txt.csv,A84F3E3CA472DAE02910AE88CECA11FF,A84F3E3CA472DAE02910AE88CECA11FF
ryouko_15.txt.csv,4B70120371C2FC944D61CCD30BC65B6D,4B70120371C2FC944D61CCD30BC65B6D
ryouko_16.txt.csv,03E2D3E2D9432B9A0E6CBDAF9CBD58C1,03E2D3E2D9432B9A0E6CBDAF9CBD58C1
ryouko_end.txt.csv,EE664F0D67961FF7B6094509D0FC5761,EE664F0D67961FF7B6094509D0FC5761
shione_01.txt.csv,4C7F060F34D6F949C5A6B53DBF828AB9,4C7F060F34D6F949C5A6B53DBF828AB9
shione_02.txt.csv,5D6307522102CF956D5D1C9008A74F14,5D6307522102CF956D5D1C9008A74F14
shione_03.txt.csv,55AD78C23EDB1BA37AA63CD656C95EB8,55AD78C23EDB1BA37AA63CD656C95EB8
shione_04.txt.csv,5CA8ECB37F1126B29A2CA39B30EEA05D,5CA8ECB37F1126B29A2CA39B30EEA05D
shione_05.txt.csv,2AE13FFC771E875FCD4E1CAB5778B9C8,2AE13FFC771E875FCD4E1CAB5778B9C8
shione_06.txt.csv,00EF4B08751B50A90EDFB2A02AD20A96,00EF4B08751B50A90EDFB2A02AD20A96
shione_07.txt.csv,E85A47FFF281641AEC8777063407CE49,E85A47FFF281641AEC8777063407CE49
shione_08.txt.csv,858FFA33F2591CEE97265D427B6F6F65,858FFA33F2591CEE97265D427B6F6F65
shione_09.txt.csv,4F492012EA8D6B9219374102D38A9C4F,4F492012EA8D6B9219374102D38A9C4F
shione_10.txt.csv,E09BAA444044202B23C0974F81DE9CFA,E09BAA444044202B23C0974F81DE9CFA
shione_11.txt.csv,6ADB013EF7B7D5C81F0B4FED5E9046BE,6ADB013EF7B7D5C81F0B4FED5E9046BE
shione_12.txt.csv,951BACF713463AE3D48653BA64713162,951BACF713463AE3D48653BA64713162
shione_13.txt.csv,93E6A979103F433158307E4D99CF91A3,93E6A979103F433158307E4D99CF91A3
shione_14.txt.csv,CA8E37A8A64C2B2FD08C0895ED586F6B,CA8E37A8A64C2B2FD08C0895ED586F6B
shione_15.txt.csv,A59754F18AC384D442EF52717C62DD97,A59754F18AC384D442EF52717C62DD97
shione_16.txt.csv,6DB891630E86B64D4346E426B478C8AE,6DB891630E86B64D4346E426B478C8AE
shione_17.txt.csv,E640500683E2C42310B81E45A5D1A8AA,E640500683E2C42310B81E45A5D1A8AA
shione_18.txt.csv,FBF9E8D7C4A7C98B81BB70792D324BD5,FBF9E8D7C4A7C98B81BB70792D324BD5
shione_19.txt.csv,F2B217C239A3E190B5EEEF8B554D7139,F2B217C239A3E190B5EEEF8B554D7139
shione_20.txt.csv,A76BAA489CA9522523E1A7C2B2FF9EB2,A76BAA489CA9522523E1A7C2B2FF9EB2
shione_21.txt.csv,A5006568588C9751A7BD124266AB9AFE,A5006568588C9751A7BD124266AB9AFE
shione_end.txt.csv,556B5C58F31AAB665F17884A807DFAE4,556B5C58F31AAB665F17884A807DFAE4
sizuku_01.txt.csv,0C19536B9E178651ED297C0126183436,0C19536B9E178651ED297C0126183436
sizuku_02.txt.csv,DBEF4BF32B59240FE98EC04DFCD3896E,DBEF4BF32B59240FE98EC04DFCD3896E
sizuku_03.txt.csv,BFE3A694FFF508D8DF55224B96591225,BFE3A694FFF508D8DF55224B96591225
sizuku_04.txt.csv,5A08B8864AF61A6255425468436509FE,5A08B8864AF61A6255425468436509FE
sizuku_05.txt.csv,E1FB444031CB1C90224E752524D89E33,E1FB444031CB1C90224E752524D89E33
sizuku_06.txt.csv,01675264238CE822BFD78164888F4578,01675264238CE822BFD78164888F4578
sizuku_07.txt.csv,9726084D092CE2A14EB154C4529AE9B2,9726084D092CE2A14EB154C4529AE9B2
sizuku_08.txt.csv,5D30C93A1EC3859BDB73BD79316740E4,5D30C93A1EC3859BDB73BD79316740E4
sizuku_09.txt.csv,A8EA7C64711556CAFD91FF4AEA47B294,A8EA7C64711556CAFD91FF4AEA47B294
sizuku_10.txt.csv,B308175EC3C1CA4FB2FF5271B9CCCFC6,B308175EC3C1CA4FB2FF5271B9CCCFC6
sizuku_11.txt.csv,267BA46D60503E5A2FF92B58165D2BCD,267BA46D60503E5A2FF92B58165D2BCD
sizuku_12.txt.csv,8D4C9032B051383666032ECC89F78DB2,8D4C9032B051383666032ECC89F78DB2
sizuku_13.txt.csv,4BBF1B0E16AD1B12F870AC5E2F8FBB4F,4BBF1B0E16AD1B12F870AC5E2F8FBB4F
sizuku_14.txt.csv,B125AABA4E78D7B80AD83E80D57D9CD1,B125AABA4E78D7B80AD83E80D57D9CD1
sizuku_15.txt.csv,30872FD19BEB61527DF67128724F953A,30872FD19BEB61527DF67128724F953A
sizuku_16.txt.csv,223E37EE8D10355D49CF1AF1A2B366B3,223E37EE8D10355D49CF1AF1A2B366B3
sizuku_17.txt.csv,30A159CB2BB4F55AFF78AA25F081A037,30A159CB2BB4F55AFF78AA25F081A037
sizuku_18.txt.csv,0FD75226EA67FAF915B063DF9C4D390C,0FD75226EA67FAF915B063DF9C4D390C
sizuku_19.txt.csv,E39EF590A4EA3F8CA5EA889976ACA8DA,E39EF590A4EA3F8CA5EA889976ACA8DA
sizuku_20.txt.csv,A5A52DA0C732C7D8837A2791CCB61A8C,A5A52DA0C732C7D8837A2791CCB61A8C
sizuku_21.txt.csv,E9AEDF0EFB5B4520510F673DE2742C6D,E9AEDF0EFB5B4520510F673DE2742C6D
sizuku_22.txt.csv,1690432404762765A3D7A3F5A460D122,1690432404762765A3D7A3F5A460D122
sizuku_23.txt.csv,DC078017A59FF4DC25C1C017ADEC4294,DC078017A59FF4DC25C1C017ADEC4294
sizuku_end1.txt.csv,9A31C704E457D1F0204F46527DB918B6,9A31C704E457D1F0204F46527DB918B6
sizuku_end2.txt.csv,6C8C94FC44B829B53C441100304CCDD3,6C8C94FC44B829B53C441100304CCDD3
sizuku_end3.txt.csv,96F2E9F6E9716BE9D68D218C2FA5B5C2,96F2E9F6E9716BE9D68D218C2FA5B5C2
